0,salmon,6
0,hotelscom,9
0,rolling,7
0,practitioner,12
0,mega,4
0,thai,4
0,signals,7
0,vids,4
0,otherwise,9
0,oscar,5
1,brazilian,9
0,touched,7
0,reflection,10
0,tabs,4
0,rick,4
0,tunnel,6
0,gravity,7
0,redeem,6
0,mumbai,6
0,counseling,10
0,assembled,9
0,nano,4
0,recovery,8
0,oscar,5
0,correct,7
0,saint,5
0,artist,6
1,amazoncom,9
0,language,8
0,prisoners,9
0,barriers,8
0,officials,9
0,reid,4
0,difficulty,10
0,striking,8
0,beam,4
0,promoting,9
0,remix,5
0,levy,4
0,acdbentity,10
0,rebate,6
0,irrigation,10
0,contractors,11
0,soma,4
0,lang,4
0,scheduling,10
0,data,4
0,rwanda,6
0,wrapping,8
0,carefully,9
0,matches,7
0,hayes,5
0,measure,7
0,prep,4
1,allowed,7
0,details,7
0,formal,6
0,moving,6
0,overnight,9
0,medications,11
0,operator,8
0,effective,9
0,forestry,8
0,chrome,6
0,maternity,9
0,accommodate,11
0,wrote,5
0,predict,7
0,mono,4
0,california,10
0,lawsuit,7
0,tired,5
0,goes,4
0,occurring,9
0,victims,7
0,pantyhose,9
0,eternal,7
0,riders,6
0,entertaining,12
0,abstracts,9
0,falls,5
0,popularity,10
0,diabetes,8
0,understood,10
0,behavioral,10
0,balance,7
0,drop,4
0,slip,4
0,rand,4
0,airports,8
0,alumni,6
1,quotations,10
0,term,4
0,surprise,8
0,liberty,7
0,arbitrary,9
0,proprietary,11
0,agreements,10
0,abraham,7
