1,ability,7
1,whisper,7
1,large,5
1,unfair,6
1,nearby,6
1,enough,6
1,storage,7
1,windows,7
1,similar,7
1,injured,7
1,fitness,7
1,shortly,7
1,sunrise,7
1,because,7
1,records,7
1,periods,7
1,remains,7
1,escape,6
1,golden,6
1,station,7
1,existed,7
1,outlook,7
1,golden,6
1,person,6
1,change,6
1,pleased,7
1,possess,7
1,during,6
1,staying,7
1,twisted,7
1,species,7
1,sincere,7
1,reverse,7
1,again,5
1,uncover,7
1,slavery,7
1,talents,7
1,another,7
1,amazing,7
1,initial,7
1,veteran,7
1,further,7
1,general,7
1,similar,7
1,herself,7
1,worries,7
1,similar,7
1,combine,7
1,unfair,6
1,thereby,7
1,energy,6
1,private,7
1,distance,8
1,poverty,7
1,yields,6
1,evolved,7
1,wanting,7
1,letters,7
1,through,7
1,compete,7
1,updated,7
1,periods,7
1,world,5
1,school,6
1,glasses,7
1,striking,8
1,achieve,7
1,address,7
1,victory,7
1,strange,7
1,journal,7
1,streams,7
1,teachers,8
1,careful,7
1,amazing,7
1,species,7
1,feeling,7
1,ability,7
1,opinion,7
1,culture,7
1,writers,7
1,contain,7
1,foolish,7
1,genius,6
1,waiting,7
1,health,6
1,system,6
1,morning,7
1,related,7
1,forever,7
1,public,6
1,recent,6
1,sending,7
1,nearest,7
1,glasses,7
1,speech,6
1,large,5
1,unfair,6
1,wonder,6
1,concern,7
1,simple,6
1,walking,7
1,through,7
1,growing,7
1,plastic,7
1,contain,7
1,obvious,7
1,equally,7
1,strange,7
1,product,7
1,confirm,7
1,picture,7
1,speaker,7
1,tired,5
1,great,5
1,respond,7
1,similar,7
1,session,7
1,however,7
1,ancient,7
1,address,7
1,unfair,6
1,vaccine,7
1,stadium,7
1,prepare,7
1,exact,5
1,strange,7
1,though,6
1,moment,6
1,little,6
1,measure,7
1,intense,7
1,every,5
1,organic,7
1,thing,5
1,whisper,7
1,evolved,7
1,fiction,7
1,combine,7
1,isolate,7
1,complex,7
1,stories,7
1,waiting,7
1,injured,7
1,waiting,7
1,student,7
1,every,5
1,power,5
1,creator,7
1,nature,6
1,concert,7
1,problem,7
1,subject,7
1,present,7
1,windows,7
1,standard,8
1,again,5
1,compare,7
1,finding,7
1,brother,7
1,poverty,7
1,together,8
1,fairly,6
1,nearest,7
1,great,5
1,several,7
1,history,7
1,council,7
1,captain,7
1,seconds,7
1,project,7
1,recent,6
1,growing,7
1,feature,7
1,second,6
1,toward,6
1,period,6
1,trapped,7
1,equator,7
1,talents,7
1,recruit,7
1,united,6
1,staying,7
1,enforce,7
1,holiday,7
1,equator,7
1,welfare,7
1,illegal,7
1,herself,7
1,person,6
1,harmony,7
1,session,7
1,increase,8
1,despite,7
1,instead,7
1,builder,7
1,leaders,7
1,courage,7
1,hopeful,7
1,injured,7
1,endure,6
1,vision,6
1,present,7
1,taking,6
1,several,7
1,replace,7
1,believe,7
1,special,7
1,learned,7
1,sincere,7
1,contact,7
1,season,6
1,reason,6
1,clarify,7
1,charity,7
1,soldier,7
1,honesty,7
1,clearly,7
1,central,7
1,comment,7
1,passion,7
1,course,6
1,engaged,7
1,strange,7
1,endless,7
1,western,7
1,standard,8
1,urgency,7
1,engaged,7
1,treated,7
1,under,5
1,learned,7
1,market,6
1,great,5
1,warning,7
1,interim,7
1,action,6
1,common,6
1,really,6
1,member,6
1,indeed,6
1,improve,7
1,measure,7
1,provide,7
1,dynamic,7
1,victory,7
1,country,7
1,hundred,7
1,article,7
1,culture,7
1,outlook,7
1,contact,7
1,thereby,7
1,anyone,6
1,simple,6
1,carrier,7
1,should,6
1,fashion,7
1,flowers,7
1,pursuit,7
1,essence,7
1,service,7
1,second,6
1,course,6
1,provide,7
1,website,7
1,journal,7
1,glory,5
1,guarded,7
1,endless,7
1,located,7
1,indeed,6
1,unknown,7
1,study,5
1,school,6
1,genetic,7
1,husband,7
1,finance,7
1,consent,7
1,records,7
1,hundred,7
1,reality,7
1,herself,7
1,hopeful,7
1,sources,7
1,twisted,7
1,sending,7
1,learned,7
1,romance,7
1,around,6
1,waiting,7
1,stressed,8
1,replace,7
1,enhance,7
1,natural,7
1,under,5
1,produce,7
1,require,7
1,living,6
1,similar,7
1,witness,7
1,advance,7
1,animal,6
1,spread,6
1,encourage,9
1,central,7
1,rewards,7
1,enhance,7
1,attract,7
1,selling,7
1,lasting,7
1,chamber,7
1,details,7
1,leader,6
1,science,7
1,success,7
1,poetry,6
1,focused,7
1,exact,5
1,study,5
1,though,6
1,numbers,7
1,moment,6
1,visited,7
1,sunsets,7
1,silence,7
1,service,7
1,turning,7
1,operate,7
1,fairly,6
1,school,6
1,promote,7
1,savings,7
1,signals,7
1,urgency,7
1,variety,7
1,include,7
1,though,6
1,stories,7
1,enquiry,7
1,fashion,7
1,samples,7
1,feeling,7
1,machine,7
1,message,7
1,western,7
1,stressed,8
1,pattern,7
1,envious,7
1,mention,7
1,obvious,7
1,approve,7
1,harmony,7
1,system,6
1,middle,6
1,extreme,7
1,danger,6
1,mission,7
1,product,7
1,period,6
1,letters,7
1,feature,7
1,reverse,7
1,nation,6
1,regular,7
1,portion,7
1,approve,7
1,slavery,7
1,people,6
1,upright,7
1,concern,7
1,charity,7
1,amazing,7
1,program,7
1,opinion,7
1,excited,7
1,success,7
1,fashion,7
1,enough,6
1,brother,7
1,respect,7
1,include,7
1,portion,7
1,officer,7
1,health,6
1,vitally,7
1,produce,7
1,higher,6
1,against,7
1,respond,7
1,related,7
1,injured,7
1,planned,7
1,finding,7
1,animal,6
1,group,5
1,genius,6
1,modern,6
1,thereby,7
1,declare,7
1,largest,7
1,living,6
1,great,5
1,request,7
1,equator,7
1,together,8
1,illness,7
1,eternal,7
1,kitchen,7
1,promise,7
1,between,7
1,believe,7
1,decide,6
1,connect,7
1,again,5
1,sponsor,7
1,dynamic,7
1,unusual,7
1,mission,7
1,fitness,7
1,sincere,7
1,thereby,7
1,connect,7
1,treated,7
1,outside,7
1,encourage,9
1,parents,7
1,great,5
1,talents,7
1,escape,6
1,quickly,7
1,thereby,7
1,yawning,7
1,network,7
1,leaders,7
1,removal,7
1,equally,7
1,history,7
1,suspect,7
1,project,7
1,officer,7
1,mention,7
1,similar,7
1,honesty,7
1,standard,8
1,entire,6
1,student,7
1,prepare,7
1,falling,7
1,visible,7
1,storage,7
1,thought,7
1,mixture,7
1,similar,7
1,speaker,7
1,treated,7
1,change,6
1,declare,7
1,meeting,7
1,upright,7
1,member,6
1,school,6
1,moment,6
1,windows,7
1,provide,7
1,seconds,7
1,vitally,7
1,session,7
1,taking,6
1,anyone,6
1,talents,7
1,primary,7
1,spirits,7
1,website,7
1,capital,7
1,prevent,7
1,sitting,7
1,survive,7
1,walking,7
1,require,7
1,guessing,8
1,working,7
1,already,7
1,chance,6
1,fiction,7
1,college,7
1,nature,6
1,debate,6
1,yellow,6
1,vaccine,7
1,located,7
1,planned,7
1,stretch,7
1,reverse,7
1,around,6
1,power,5
1,sitting,7
1,falling,7
1,sharing,7
1,release,7
1,subject,7
1,subject,7
1,higher,6
1,records,7
1,numbers,7
1,outlook,7
1,within,6
1,require,7
1,member,6
1,declare,7
1,surface,7
1,outside,7
1,evidence,8
1,streams,7
1,journal,7
1,pursuit,7
1,again,5
1,revised,7
1,complex,7
1,striking,8
1,service,7
1,sending,7
1,imagine,7
1,records,7
1,transit,7
1,health,6
1,nothing,7
1,earning,7
1,massive,7
1,sponsor,7
1,provide,7
1,increase,8
1,decade,6
1,project,7
1,transit,7
1,enforce,7
1,warning,7
1,excited,7
1,health,6
1,young,5
1,sunrise,7
1,removal,7
1,despite,7
1,myself,6
1,nearby,6
1,margins,7
1,undergo,7
1,stretch,7
1,wanting,7
1,clearly,7
1,content,7
1,manager,7
1,revenue,7
1,matter,6
1,problem,7
1,combine,7
1,gallery,7
1,transit,7
1,really,6
1,methods,7
1,minutes,7
1,though,6
1,therapy,7
1,common,6
1,planned,7
1,private,7
1,initial,7
1,insight,7
1,popular,7
1,regular,7
1,targets,7
1,weather,7
1,glory,5
1,voice,5
1,picture,7
1,school,6
1,chapter,7
1,outside,7
1,purpose,7
1,focused,7
1,privacy,7
1,session,7
1,intense,7
1,morning,7
1,outlook,7
1,valleys,7
1,contact,7
1,classic,7
1,windows,7
1,company,7
1,sisters,7
1,receive,7
1,deliver,7
1,twisted,7
1,ability,7
1,really,6
1,chance,6
1,quality,7
1,billion,7
1,modern,6
1,promise,7
1,captain,7
1,entrance,8
1,numbers,7
1,towards,7
1,winning,7
1,endure,6
1,learned,7
1,arrival,7
1,hunger,6
1,always,6
1,gather,6
1,enough,6
1,encourage,9
1,mineral,7
1,deserve,7
1,consent,7
1,analysis,8
1,stories,7
1,address,7
1,nervous,7
1,should,6
1,nation,6
1,watches,7
1,through,7
1,voice,5
1,concern,7
1,existed,7
1,shortly,7
1,explore,7
1,improve,7
1,passage,7
1,revised,7
1,morning,7
1,classic,7
1,waiting,7
1,reason,6
1,instant,7
1,college,7
1,change,6
1,rewards,7
1,thing,5
1,sitting,7
1,kitchen,7
1,liberty,7
1,compare,7
1,storage,7
1,address,7
1,nothing,7
1,measure,7
1,sincere,7
1,passing,7
1,winning,7
1,methods,7
1,brought,7
1,sharing,7
1,tighter,7
1,limited,7
1,largest,7
1,isolate,7
1,balance,7
1,benefit,7
1,natural,7
1,morning,7
1,keeping,7
1,portion,7
1,further,7
1,capture,7
1,private,7
1,program,7
1,tickets,7
1,replace,7
1,silence,7
1,feature,7
1,approve,7
1,another,7
1,youth,5
1,learned,7
1,strange,7
1,vaccine,7
1,forever,7
1,replace,7
1,selfish,7
1,gather,6
1,holiday,7
1,transit,7
1,desire,6
1,student,7
1,think,5
1,enough,6
1,written,7
1,timing,6
1,standard,8
1,entire,6
1,endless,7
1,ability,7
1,website,7
1,largest,7
1,scoring,7
1,finally,7
1,problem,7
1,readily,7
1,season,6
1,market,6
1,employer,8
1,unified,7
1,feeling,7
1,tasks,5
1,declare,7
1,yields,6
1,staying,7
1,impact,6
1,genetic,7
1,respond,7
1,famous,6
1,distance,8
1,mankind,7
1,together,8
1,morning,7
1,learn,5
1,animal,6
1,message,7
1,friends,7
1,history,7
1,windows,7
1,record,6
1,yields,6
1,reverse,7
1,feeling,7
1,silence,7
1,witness,7
1,gather,6
1,finance,7
1,essence,7
1,company,7
1,regular,7
1,warrior,7
1,worries,7
1,about,5
1,exactly,7
1,message,7
1,prevent,7
1,feeling,7
1,equally,7
1,quietly,7
1,produce,7
1,nature,6
1,creator,7
1,special,7
1,foolish,7
1,website,7
1,higher,6
1,quietly,7
1,mineral,7
1,essence,7
1,problem,7
1,imagine,7
1,respect,7
1,overall,7
1,enhance,7
1,perfect,7
1,feature,7
1,during,6
1,tasks,5
1,stories,7
1,increase,8
1,letters,7
1,values,6
1,great,5
1,sustain,7
1,warrior,7
1,reviews,7
1,efforts,7
1,opinion,7
1,surface,7
1,consent,7
1,details,7
1,great,5
1,benefit,7
1,choice,6
1,feature,7
1,outdoor,7
1,suspect,7
1,people,6
1,famous,6
1,hundred,7
1,instant,7
1,seconds,7
1,outside,7
1,desire,6
1,social,6
1,culture,7
1,choice,6
1,patriot,7
1,decade,6
1,isolate,7
1,revised,7
1,under,5
1,leader,6
1,portray,7
1,indoors,7
1,group,5
1,talents,7
1,slavery,7
1,usually,7
1,project,7
1,shortly,7
1,details,7
1,sunrise,7
1,exact,5
1,promise,7
1,remains,7
1,public,6
1,treated,7
1,system,6
1,choice,6
1,unfair,6
1,feeling,7
1,protest,7
1,thanks,6
1,traffic,7
1,explore,7
1,utility,7
1,climate,7
1,liberty,7
1,succeed,7
1,speech,6
1,perfect,7
1,despite,7
1,weather,7
1,envious,7
1,perfect,7
1,money,5
1,people,6
1,privacy,7
1,middle,6
1,options,7
1,young,5
1,interim,7
1,capture,7
1,require,7
1,stressed,8
1,chamber,7
1,should,6
1,western,7
1,unified,7
1,operate,7
1,command,7
1,focused,7
1,glasses,7
1,compete,7
1,thought,7
1,fairly,6
1,chapter,7
1,together,8
1,reality,7
1,example,7
1,balance,7
1,danger,6
1,provide,7
1,package,7
1,privacy,7
1,develop,7
1,replace,7
1,outside,7
1,towards,7
1,respond,7
1,power,5
1,future,6
1,respect,7
1,general,7
1,unfair,6
1,trapped,7
1,unusual,7
1,stressed,8
1,pointed,7
1,content,7
1,purpose,7
1,treated,7
1,desire,6
1,uncover,7
1,physics,7
1,finance,7
1,incomes,7
1,written,7
1,values,6
1,quietly,7
1,timing,6
1,physics,7
1,debate,6
1,unfair,6
1,further,7
1,revised,7
1,husband,7
1,concert,7
1,chance,6
1,suggest,7
1,located,7
1,world,5
1,initial,7
1,genius,6
1,vision,6
1,member,6
1,thing,5
1,military,8
1,toward,6
1,exercise,8
1,entire,6
1,windows,7
1,vaccine,7
1,warmest,7
1,evolved,7
1,famous,6
1,advance,7
1,decide,6
1,itself,6
1,equaled,7
1,promote,7
1,sharing,7
1,choice,6
1,increase,8
1,today,5
1,passion,7
1,country,7
1,simple,6
1,carrier,7
1,protest,7
1,fitting,7
1,dancing,7
1,simple,6
1,western,7
1,teachers,8
1,highest,7
1,combine,7
1,journey,7
1,manager,7
1,helpful,7
1,against,7
1,prevent,7
1,article,7
1,voice,5
1,existed,7
1,minutes,7
1,reverse,7
1,encourage,9
1,people,6
1,society,7
1,despite,7
1,creator,7
1,beyond,6
1,united,6
1,thought,7
1,unified,7
1,journal,7
1,command,7
1,survive,7
1,routine,7
1,similar,7
1,perform,7
1,records,7
1,conduct,7
1,morning,7
1,after,5
1,instead,7
1,subject,7
1,increase,8
1,justice,7
1,fashion,7
1,friends,7
1,incomes,7
1,summary,7
1,myself,6
1,person,6
1,person,6
1,between,7
1,service,7
1,opinion,7
1,workers,7
1,reviews,7
1,picture,7
1,younger,7
1,violent,7
1,contain,7
1,visible,7
1,should,6
1,deliver,7
1,targets,7
1,nature,6
1,fashion,7
1,course,6
1,holiday,7
1,pursued,7
1,weather,7
1,weather,7
1,younger,7
1,measure,7
1,nearby,6
1,valleys,7
1,ability,7
1,reverse,7
1,employer,8
1,attempt,7
1,explore,7
1,shortly,7
1,builder,7
1,ability,7
1,chamber,7
1,streams,7
1,military,8
1,nation,6
1,welfare,7
1,nature,6
1,stealth,7
1,climate,7
1,already,7
1,doctor,6
1,leaders,7
1,golden,6
1,energy,6
1,program,7
1,captain,7
1,employer,8
1,stressed,8
1,morning,7
1,glory,5
1,written,7
1,outdoor,7
1,dynamic,7
1,honesty,7
1,margins,7
1,isolate,7
1,desire,6
1,visited,7
1,massive,7
1,develop,7
1,stadium,7
1,recent,6
1,endure,6
1,quarter,7
1,usually,7
1,taking,6
1,employee,8
1,middle,6
1,younger,7
1,pointed,7
1,amazing,7
1,command,7
1,pattern,7
1,details,7
1,essence,7
1,combine,7
1,session,7
1,courage,7
1,nations,7
1,eternal,7
1,finding,7
1,contain,7
1,surgery,7
1,compete,7
1,success,7
1,exact,5
1,letters,7
1,display,7
1,large,5
1,manager,7
1,advance,7
1,written,7
1,limited,7
1,outlook,7
1,opinion,7
1,decade,6
1,better,6
1,section,7
1,excited,7
1,twisted,7
1,deliver,7
1,between,7
1,written,7
1,nearby,6
1,trapped,7
1,surgery,7
1,present,7
1,history,7
1,combine,7
1,witness,7
1,yields,6
1,anyone,6
1,product,7
1,others,6
1,possess,7
1,compact,7
1,details,7
1,weather,7
1,visited,7
1,witness,7
1,similar,7
1,record,6
1,balance,7
1,history,7
1,regular,7
1,number,6
1,twisted,7
1,storage,7
1,journal,7
1,careful,7
1,should,6
1,walking,7
1,growing,7
1,employee,8
1,theater,7
1,justice,7
1,visible,7
1,certain,7
1,explore,7
1,strange,7
1,record,6
1,approve,7
1,through,7
1,yearly,6
1,pleased,7
1,success,7
1,during,6
1,worker,6
1,clarify,7
1,money,5
1,treated,7
1,special,7
1,approve,7
1,slavery,7
1,program,7
1,massive,7
1,offline,7
1,science,7
1,chamber,7
1,younger,7
1,massive,7
1,number,6
1,initial,7
1,stretch,7
1,prevent,7
1,earning,7
1,winning,7
1,sending,7
1,yearly,6
1,reverse,7
1,general,7
1,mankind,7
1,group,5
1,achieve,7
1,towards,7
1,distance,8
1,poverty,7
1,courage,7
1,engaged,7
1,right,5
1,treated,7
1,builder,7
1,rapidly,7
1,working,7
1,illness,7
1,youth,5
1,capital,7
1,protect,7
1,indeed,6
1,another,7
1,classic,7
1,money,5
1,billion,7
1,glasses,7
1,eternal,7
1,quietly,7
1,glasses,7
1,tighter,7
1,sponsor,7
1,visited,7
1,writers,7
1,nervous,7
1,mankind,7
1,largest,7
1,finding,7
1,summary,7
1,teaming,7
1,matter,6
1,united,6
1,staying,7
1,clearly,7
1,record,6
1,offline,7
1,around,6
1,little,6
1,poverty,7
1,science,7
1,succeed,7
1,member,6
1,walking,7
1,quickly,7
1,dancing,7
1,others,6
1,staying,7
1,pleasure,8
1,dynamic,7
1,useful,6
1,mineral,7
1,little,6
1,instead,7
1,values,6
1,balance,7
1,parents,7
1,under,5
1,control,7
1,others,6
1,unusual,7
1,little,6
1,watches,7
1,passage,7
1,itself,6
1,combine,7
1,players,7
1,barrier,7
1,dynamic,7
1,details,7
1,entire,6
1,however,7
1,streams,7
1,illness,7
1,speaker,7
1,earning,7
1,because,7
1,balance,7
1,wanting,7
1,others,6
1,enquiry,7
1,surgery,7
1,mistake,7
1,perform,7
1,offline,7
1,world,5
1,utility,7
1,control,7
1,simple,6
1,combine,7
1,every,5
1,eternal,7
1,revised,7
1,savings,7
1,uncover,7
1,finally,7
1,present,7
1,intense,7
1,theater,7
1,finance,7
1,balance,7
1,creator,7
1,manager,7
1,always,6
1,overall,7
1,nation,6
1,around,6
1,beyond,6
1,central,7
1,however,7
1,instant,7
1,brought,7
1,spread,6
1,period,6
1,station,7
1,opinion,7
1,address,7
1,radical,7
1,husband,7
1,summary,7
1,summary,7
1,little,6
1,central,7
1,consent,7
1,strange,7
1,exercise,8
1,located,7
1,perform,7
1,journal,7
1,consent,7
1,passing,7
1,physics,7
1,carrier,7
1,wonder,6
1,yawning,7
1,person,6
1,friends,7
1,right,5
1,survive,7
1,person,6
1,portion,7
1,really,6
1,season,6
1,decide,6
1,transit,7
1,youth,5
1,sisters,7
1,living,6
1,meeting,7
1,several,7
1,engines,7
1,suggest,7
1,contain,7
1,walking,7
1,endless,7
1,fiction,7
1,streams,7
1,methods,7
1,tickets,7
1,season,6
1,neglect,7
1,control,7
1,spirit,6
1,lasting,7
1,staying,7
1,workers,7
1,protect,7
1,windows,7
1,standard,8
1,journal,7
1,danger,6
1,higher,6
1,neglect,7
1,results,7
1,united,6
1,urgency,7
1,course,6
1,equality,8
1,website,7
1,matter,6
1,talents,7
1,compare,7
1,poverty,7
1,through,7
1,unknown,7
1,unusual,7
1,possess,7
1,revenue,7
1,surface,7
1,instead,7
1,unified,7
1,selfish,7
1,benefit,7
1,justice,7
1,equality,8
1,respond,7
1,fitness,7
1,deserve,7
1,largest,7
1,poverty,7
1,wonder,6
1,company,7
1,course,6
1,already,7
1,courage,7
1,modern,6
1,action,6
1,planned,7
1,routine,7
1,streams,7
1,warning,7
1,recent,6
1,twisted,7
1,decade,6
1,striking,8
1,feeling,7
1,unfair,6
1,college,7
1,outlook,7
1,power,5
1,nations,7
1,removal,7
1,famous,6
1,passion,7
1,indoors,7
1,because,7
1,balance,7
1,sunrise,7
1,utility,7
1,guarded,7
1,falling,7
1,insight,7
1,sitting,7
1,course,6
1,spread,6
1,another,7
1,today,5
1,sponsor,7
1,excited,7
0,flush,5
1,requiring,9
1,douglas,7
1,leone,5
0,vids,4
1,riverside,9
1,submitted,9
1,lots,4
1,thumbnail,9
1,quarter,7
1,beats,5
1,holdings,8
1,councils,8
1,exception,9
1,stored,6
1,banned,6
1,principle,9
1,winners,7
1,airfare,7
0,jose,4
1,catalog,7
1,adults,6
1,valentine,9
1,spider,6
1,minimum,7
1,banner,6
1,student,7
1,magnificent,11
1,force,5
1,drainage,8
1,surfing,7
1,sets,4
1,around,6
1,threatening,11
1,loop,4
1,questions,9
1,technical,9
1,handled,7
1,fossil,6
1,intensity,9
1,eternal,7
1,frame,5
1,steve,5
1,percentage,10
1,doom,4
1,statements,10
1,echo,4
1,marvel,6
1,offering,8
1,kissing,7
1,examine,7
1,lookup,6
1,frozen,6
1,placement,9
1,gains,5
1,dish,4
0,draws,5
1,vermont,7
1,recover,7
1,dispute,7
1,distribute,10
1,username,8
1,preserve,8
1,failures,8
1,carolina,8
1,wanted,6
1,license,7
1,territories,11
1,senegal,7
1,broad,5
1,cest,4
1,done,4
1,experts,7
1,spent,5
0,hurt,4
1,supposed,8
1,epinionscom,11
1,holding,7
1,carpet,6
0,wall,4
1,hometown,8
1,this,4
0,root,4
1,anal,4
1,days,4
1,foster,6
1,wanted,6
1,martin,6
1,pattern,7
1,denied,6
1,vitamins,8
1,graham,6
1,aluminium,9
1,footwear,8
1,derek,5
1,subscriber,10
1,frozen,6
1,fields,6
1,propose,7
1,referral,8
0,juan,4
1,potential,9
1,florence,8
1,exams,5
1,statutes,8
1,drain,5
1,netherlands,11
1,subsection,10
0,male,4
1,caution,7
1,rolling,7
1,baltimore,9
1,risks,5
0,famous,6
1,meditation,10
1,meant,5
1,complaint,9
1,forced,6
1,months,6
1,surgery,7
1,guru,4
1,requesting,10
1,remarks,7
1,populations,11
1,shoes,5
1,holders,7
1,crafts,6
1,miller,6
1,objectives,10
1,larry,5
1,corpus,6
1,stuart,6
1,princess,8
1,poems,5
1,railway,7
1,directory,9
0,yale,4
1,compromise,10
1,halfcom,7
1,statistical,11
1,references,10
1,cape,4
1,sherman,7
1,bold,4
1,tied,4
1,norton,6
1,chest,5
1,shopping,8
1,labor,5
1,opposite,8
1,academic,8
1,errors,6
1,hearing,7
1,belongs,7
1,tier,4
1,public,6
1,emission,8
0,bigger,6
1,fence,5
1,harm,4
1,spin,4
1,rebates,7
1,toolbox,7
1,ecuador,7
1,warming,7
1,marathon,8
1,prophet,7
1,oracle,6
1,unique,6
1,registrar,9
1,healthy,7
1,childhood,9
1,hour,4
1,taxi,4
1,involving,9
1,jamie,5
1,departure,9
1,courage,7
1,exploring,9
1,glossary,8
0,print,5
1,tested,6
1,courses,7
1,metres,6
1,parameter,9
1,superb,6
1,insert,6
1,circle,6
1,clocks,6
1,oklahoma,8
1,standings,9
1,then,4
1,landscapes,10
1,standings,9
0,mpeg,4
1,privileges,10
1,lawsuit,7
1,finishing,9
1,brook,5
1,sexuality,9
1,gravity,7
1,exec,4
0,dvds,4
0,roof,4
1,events,6
1,dust,4
1,licking,7
1,premises,8
1,lindsay,7
1,interactions,12
1,yemen,5
1,invoice,7
1,anderson,8
1,loans,5
1,doctrine,8
1,cafe,4
1,participated,12
1,framing,7
1,apparent,8
1,poultry,7
1,temperatures,12
1,removed,7
1,partnerships,12
1,pins,4
1,patent,6
1,persons,7
1,jurisdiction,12
1,viking,6
1,metro,5
1,variables,9
1,outer,5
1,exports,7
1,nick,4
1,effect,6
1,savings,7
1,hydrogen,8
1,muslim,6
1,hope,4
1,fold,4
1,yacht,5
1,upgrades,8
1,consisting,10
1,their,5
1,today,5
1,franklin,8
1,modern,6
1,payments,8
1,really,6
1,exact,5
1,queens,6
1,dish,4
1,illinois,8
1,catalyst,8
1,chase,5
1,toyota,6
1,linda,5
1,masters,7
1,cadillac,8
1,revision,8
1,douglas,7
1,nation,6
1,dude,4
0,gary,4
1,submissions,11
1,intro,5
1,eminem,6
1,subscribers,11
1,aberdeen,8
1,workers,7
1,guns,4
1,everyone,8
1,mono,4
1,spiritual,9
1,hotels,6
1,marc,4
1,seven,5
1,secretary,9
1,division,8
1,driving,7
0,form,4
1,drug,4
1,eval,4
1,commercial,10
1,clinics,7
1,missions,8
1,nowhere,7
1,outcome,7
1,proposed,8
0,second,6
1,experiment,10
1,healthcare,10
1,hotels,6
1,singing,7
1,deaths,6
1,forbidden,9
1,weblogs,7
1,partners,8
1,comparisons,11
1,glucose,7
1,referrals,9
1,efficient,9
1,bubble,6
1,telling,7
1,screw,5
1,aged,4
1,festivals,9
1,movers,6
1,mount,5
1,chemical,8
1,conviction,10
1,valued,6
1,moderator,9
1,shopping,8
1,framework,9
1,audio,5
1,increasing,10
0,hopes,5
1,yield,5
1,galleries,9
1,match,5
1,aberdeen,8
1,urgent,6
1,sailing,7
0,foam,4
1,lauren,6
1,gaps,4
1,numerous,8
1,calendars,9
1,problems,8
1,entries,7
1,circus,6
1,running,7
1,reel,4
1,mississippi,11
1,iraq,4
1,lost,4
1,dispute,7
1,membrane,8
1,subtle,6
1,screenshots,11
1,belief,6
1,conference,10
1,uncertainty,11
1,reviews,7
1,kijiji,6
1,skiing,6
1,earthquake,10
1,hired,5
1,nation,6
1,timothy,7
1,reported,8
1,christmas,9
1,jones,5
1,chrysler,8
1,labor,5
1,concepts,8
0,vote,4
1,thirty,6
1,minutes,7
1,issued,6
1,genuine,7
1,protest,7
1,asia,4
1,measure,7
1,ripe,4
0,show,4
1,examples,8
1,charlie,7
1,logos,5
1,dale,4
1,matches,7
0,varies,6
1,robinson,8
1,remix,5
1,noise,5
1,natural,7
1,australia,9
1,mice,4
1,floor,5
1,thee,4
1,social,6
1,lonely,6
1,greene,6
1,hanging,7
1,bacterial,9
1,cdna,4
0,yoga,4
1,utilization,11
1,bacteria,8
1,founder,7
1,console,7
1,compound,8
1,send,4
1,avatar,6
1,application,11
1,complement,10
1,smooth,6
1,newbie,6
1,interval,8
1,utilize,7
1,dinner,6
1,rooms,5
0,oxygen,6
1,upload,6
1,arcade,6
1,grande,6
1,revenues,8
1,inclusive,9
1,hardcover,9
1,operation,9
1,bloggers,8
1,threshold,9
1,barely,6
1,media,5
1,villa,5
1,parliament,10
1,allowing,8
1,probe,5
0,bdsm,4
1,refers,6
1,promote,7
1,wrist,5
1,cell,4
1,agreed,6
0,vacuum,6
1,jamie,5
1,candy,5
1,ethical,7
1,protest,7
1,revenues,8
1,satisfy,7
1,football,8
1,martin,6
1,attractions,11
1,learners,8
1,gibraltar,9
1,restrictions,12
1,mirrors,7
0,huge,4
1,expensive,9
1,karaoke,7
1,purchase,8
1,inquiries,9
1,metres,6
1,attorneys,9
1,natural,7
1,quite,5
1,stuff,5
0,gays,4
1,illustration,12
1,gauge,5
1,competing,9
1,ryan,4
1,purpose,7
1,pursuant,8
1,anchor,6
1,platinum,8
1,receives,8
1,serial,6
1,amsterdam,9
1,steel,5
1,oxford,6
1,headers,7
1,sacramento,10
1,posing,6
1,formerly,8
1,however,7
1,sweet,5
1,lewis,5
1,successful,10
1,bones,5
1,blowing,7
1,craps,5
1,extreme,7
1,providers,9
1,prozac,6
1,tell,4
1,brooklyn,8
1,adventures,10
1,standards,9
1,attend,6
1,biggest,7
1,align,5
1,jacksonville,12
1,islam,5
1,renaissance,11
1,rights,6
1,presentation,12
1,calgary,7
1,embassy,7
1,joined,6
1,kent,4
1,titled,6
1,carl,4
1,greetings,9
1,listprice,9
1,valued,6
1,mauritius,9
1,registrar,9
1,tamil,5
1,hypothetical,12
1,values,6
1,boxed,5
1,trail,5
1,brooks,6
1,statements,10
1,norway,6
1,viii,4
1,employed,8
1,political,9
1,partially,9
1,wired,5
0,year,4
1,somehow,7
0,live,4
1,spec,4
1,wiring,6
0,suite,5
1,client,6
1,female,6
1,ethnic,6
1,congo,5
1,porter,6
1,workout,7
1,reflections,11
1,decorating,10
1,vegas,5
1,dropped,7
1,andreas,7
0,body,4
1,luxembourg,10
1,watershed,9
1,fibre,5
1,finished,8
1,shirt,5
1,understood,10
1,continues,9
1,growing,7
1,opposition,10
1,violent,7
1,collector,9
1,illustration,12
1,stories,7
1,epic,4
1,billing,7
1,routing,7
1,schema,6
1,regulated,9
1,alert,5
1,husband,7
1,knee,4
1,knit,4
1,saved,5
1,eternal,7
1,finals,6
1,awareness,9
1,hoped,5
1,franklin,8
1,coupons,7
1,charming,8
1,spies,5
1,brought,7
1,origin,6
1,reporter,8
1,departments,11
1,amend,5
1,fridge,6
1,tobacco,7
1,coaching,8
0,bought,6
1,sees,4
1,ownership,9
1,canyon,6
1,happens,7
1,employed,8
1,muscles,7
1,currencies,10
1,arrives,7
1,mileage,7
1,raleigh,7
1,signature,9
1,chose,5
1,mrna,4
1,football,8
1,reservation,11
1,leaders,7
1,sponsored,9
1,doors,5
1,color,5
1,netherlands,11
1,coaching,8
1,serial,6
1,cotton,6
1,desired,7
1,lawsuit,7
1,arlington,9
1,book,4
1,riding,6
1,somalia,7
1,organizing,10
1,remind,6
1,commitments,11
1,burst,5
1,permission,10
1,walking,7
1,chicken,7
1,extremely,9
1,commerce,8
1,antivirus,9
1,heads,5
1,doctor,6
1,teams,5
1,astronomy,9
1,acknowledge,11
1,drugs,5
1,height,6
1,bios,4
1,truth,5
0,baby,4
1,italic,6
1,comedy,6
1,caught,6
1,forget,6
1,beats,5
1,addition,8
1,unusual,7
1,lake,4
1,discussed,9
1,darkness,8
1,poly,4
1,reviewing,9
1,testimony,9
1,border,6
0,jewish,6
1,deadly,6
1,cargo,5
1,mainstream,10
1,dimensional,11
1,ventures,8
1,sugar,5
1,paso,4
1,agencies,8
1,plane,5
1,affiliate,9
1,mysimon,7
1,rocks,5
1,volvo,5
1,results,7
1,saints,6
1,maryland,8
1,measurement,11
1,guest,5
1,philadelphia,12
1,derek,5
1,factors,7
0,kurt,4
1,point,5
1,force,5
1,tutorials,9
1,facilities,10
1,hispanic,8
1,towers,6
0,font,4
1,kills,5
0,year,4
1,mountains,9
1,arrest,6
0,todd,4
1,manga,5
1,fell,4
1,vast,4
1,engineers,9
1,producers,9
1,contrast,8
1,walked,6
1,surveys,7
1,networks,8
1,blogging,8
1,external,8
1,adobe,5
1,wondering,9
1,whether,7
1,base,4
1,gate,4
1,gets,4
0,xnxx,4
1,loaded,6
1,dollars,7
1,somalia,7
0,baby,4
1,initiatives,11
1,taking,6
1,deaths,6
1,equipped,8
1,tickets,7
1,roll,4
1,dolls,5
1,guru,4
1,narrow,6
1,housewives,10
1,fourth,6
1,engines,7
1,cables,6
1,nissan,6
1,beginners,9
1,buffer,6
1,wine,4
1,thailand,8
1,primarily,9
1,reef,4
1,counties,8
1,users,5
1,accordance,10
1,changelog,9
0,thing,5
1,hospitals,9
1,declaration,11
1,official,8
1,respective,10
1,belle,5
1,editions,8
1,minor,5
1,mild,4
1,simpsons,8
1,door,4
1,spotlight,9
1,mating,6
1,classical,9
1,scenario,8
1,neural,6
1,clients,7
1,ellen,5
0,porn,4
1,toll,4
1,pepper,6
1,criteria,8
1,season,6
1,paste,5
1,boob,4
1,adventures,10
1,vendors,7
1,class,5
1,romantic,8
1,odds,4
1,trash,5
1,convert,7
1,compilation,11
1,lending,7
1,africa,6
1,slots,5
1,fighting,8
1,ratios,6
1,alliance,8
1,socks,5
1,customer,8
1,favour,6
0,pubmed,6
1,diagnostic,10
1,turned,6
1,expenses,8
1,accounts,8
1,nancy,5
1,liberty,7
1,houston,7
1,frost,5
1,note,4
1,nomination,10
1,perceived,9
1,banking,7
1,symphony,8
0,drum,4
1,vacations,9
1,ratios,6
1,spoken,6
1,concern,7
1,check,5
1,boundaries,10
1,campaigns,9
1,saudi,5
1,proven,6
1,diverse,7
1,awards,6
0,part,4
1,operation,9
1,cologne,7
1,ball,4
1,platform,8
1,bulk,4
1,hentai,6
1,proteins,8
1,stewart,7
1,emotional,9
1,postposted,10
1,installed,9
1,school,6
1,engaged,7
1,wrapping,8
1,location,8
1,quebec,6
1,franchise,9
1,highland,8
1,novels,6
1,pieces,6
1,conferencing,12
1,instrumental,12
1,families,8
1,entirely,8
1,feeling,7
1,popular,7
1,neither,7
1,store,5
1,costumes,8
1,headlines,9
1,flow,4
1,amanda,6
1,wants,5
1,classics,8
1,spoke,5
1,measured,8
0,room,4
0,must,4
1,gets,4
1,remains,7
1,sullivan,8
1,opponents,9
1,americans,9
1,participants,12
1,systems,7
1,alphabetical,12
1,hewlett,7
1,actively,8
1,horse,5
0,rely,4
1,scored,6
1,essay,5
1,rising,6
1,comfort,7
1,masturbation,12
1,montana,7
0,hindu,5
1,miracle,7
1,drinks,6
1,speak,5
1,walker,6
1,canyon,6
0,while,5
1,image,5
1,filtering,9
1,listening,9
1,them,4
1,cargo,5
1,rates,5
1,astrology,9
1,take,4
1,chinese,7
1,medline,7
0,cloth,5
1,shipped,7
1,constraints,11
1,accurate,8
1,quantitative,12
1,training,8
0,zone,4
1,stamps,6
1,mazda,5
1,dimension,9
1,helena,6
1,christine,9
1,italic,6
1,christ,6
0,wines,5
1,changed,7
1,kenny,5
1,measures,8
1,cable,5
1,crisis,6
1,beverage,8
1,demonstrates,12
1,managing,8
1,lawn,4
1,rows,4
1,plan,4
1,composite,9
1,born,4
1,hall,4
1,illustrated,11
1,doom,4
1,viewer,6
1,daughters,9
1,proposed,8
1,roses,5
1,korea,5
1,between,7
1,andrews,7
1,boots,5
1,jaguar,6
1,appearance,10
1,expectations,12
1,alexander,9
1,resolve,7
1,ruled,5
1,physiology,10
1,tradition,9
1,posts,5
1,seller,6
1,surgery,7
1,yukon,5
1,otherwise,9
1,fate,4
1,seems,5
1,approved,8
1,tested,6
1,close,5
1,freight,7
1,december,8
1,shirt,5
1,geographic,10
1,adelaide,8
1,introduce,9
1,intervention,12
1,monitor,7
1,airfare,7
1,bridal,6
1,theoretical,11
1,quarter,7
1,instance,8
1,contrast,8
1,nested,6
1,grocery,7
1,midlands,8
1,aged,4
1,accepting,9
1,multiple,8
1,producers,9
0,draws,5
1,arrow,5
1,verbal,6
1,subsection,10
0,comic,5
1,illegal,7
1,reprint,7
1,token,5
1,cars,4
1,weapon,6
1,approach,8
1,sheffield,9
1,persons,7
1,mark,4
1,genes,5
1,increasingly,12
1,halloween,9
1,mesa,4
1,novel,5
1,whereas,7
1,collecting,10
1,twenty,6
1,updated,7
1,delaware,8
1,blah,4
1,latex,5
1,teaches,7
1,television,10
1,titans,6
1,dangerous,9
1,cached,6
1,travelers,9
1,cartoon,7
1,chocolate,9
1,longest,7
1,procurement,11
1,forward,7
1,raid,4
1,hist,4
1,albert,6
1,were,4
1,bouquet,7
1,democratic,10
1,looking,7
1,immediately,11
1,devil,5
1,dicks,5
1,analytical,10
1,puzzle,6
1,amino,5
1,exploration,11
1,hewlett,7
0,suffer,6
1,career,6
1,stupid,6
1,adam,4
1,applicants,10
1,auctions,8
1,causing,7
1,disorders,9
0,dock,4
1,individual,10
1,rotary,6
1,worst,5
1,supports,8
1,adding,6
1,climate,7
1,predicted,9
1,advocacy,8
1,untitled,8
1,plaza,5
1,graphics,8
1,separate,8
1,whatever,8
1,occurrence,10
1,various,7
1,anderson,8
0,tons,4
1,sage,4
1,miracle,7
1,tucson,6
1,target,6
1,alan,4
1,song,4
1,advantage,9
1,phones,6
1,bedroom,7
1,challenging,11
1,flesh,5
1,holly,5
1,surrounding,11
1,appliance,9
1,precisely,9
1,promise,7
1,admin,5
1,electrical,10
1,emotions,8
1,neighborhood,12
1,rule,4
1,factors,7
0,most,4
0,watch,5
1,destruction,11
1,modems,6
1,crap,4
1,california,10
1,lodge,5
1,proprietary,11
1,making,6
1,meditation,10
1,planners,8
1,widespread,10
1,graphics,8
1,operates,8
1,signing,7
0,oxygen,6
1,science,7
1,dennis,6
1,appeared,8
0,style,5
1,franklin,8
1,touch,5
1,islands,7
1,penis,5
0,vary,4
1,mouth,5
1,exciting,8
1,uploaded,8
1,adobe,5
1,repair,6
1,existed,7
1,atomic,6
0,tour,4
1,fisher,6
1,explain,7
1,signs,5
1,performances,12
1,polish,6
1,guests,6
1,changed,7
1,terms,5
1,surprised,9
1,sheet,5
0,knife,5
0,perry,5
1,visited,7
1,including,9
1,systems,7
1,companies,9
1,janet,5
1,consumers,9
1,honolulu,8
1,anderson,8
1,welsh,5
1,cape,4
1,mile,4
1,surface,7
1,mountain,8
1,villa,5
0,core,4
1,edges,5
1,furnished,9
1,appreciate,10
1,journey,7
1,wyoming,7
1,headquarters,12
1,cache,5
1,composer,8
1,tapes,5
1,andorra,7
1,inspections,11
1,personally,10
1,brings,6
1,recreational,12
1,specify,7
0,city,4
1,done,4
1,qualities,9
1,larger,6
1,grande,6
1,candles,7
1,production,10
1,expected,8
1,winners,7
1,aurora,6
1,sources,7
1,impacts,7
1,odds,4
1,lamb,4
1,everybody,9
1,train,5
1,couples,7
1,clarke,6
0,youth,5
1,encouraged,10
1,southeast,9
1,specialists,11
1,placement,9
1,introduction,12
1,attachments,11
1,lebanon,7
1,veterinary,10
1,courier,7
0,hack,4
1,href,4
1,showers,7
1,gadgets,7
1,clearing,8
1,funding,7
1,societies,9
1,plugin,6
1,binary,6
1,generating,10
1,laser,5
1,rhythm,6
1,petersburg,10
1,boolean,7
1,islamic,7
1,perception,10
1,important,9
1,afford,6
1,features,8
1,newbie,6
1,register,8
1,immediate,9
1,button,6
0,which,5
1,account,7
1,minimize,8
1,singapore,9
1,dell,4
1,accessible,10
1,legends,7
1,acer,4
1,checklist,9
1,passenger,9
1,phrases,7
1,supplemental,12
1,cancer,6
1,electoral,9
1,ancient,7
1,sporting,8
1,staying,7
1,including,9
1,bids,4
1,thumbnails,10
0,flush,5
1,centre,6
1,precious,8
1,lace,4
1,foundations,11
0,party,5
1,weight,6
1,regard,6
1,commander,9
1,email,5
1,results,7
1,instructions,12
1,thin,4
1,diagnostic,10
1,occurring,9
1,knitting,8
1,toyota,6
1,bucks,5
1,religion,8
1,statute,7
1,nudity,6
1,forums,6
1,electronics,11
1,threats,7
1,standard,8
1,cable,5
1,opening,7
1,competent,9
1,attribute,9
1,customers,9
1,penis,5
1,mesh,4
1,conditional,11
0,flex,4
1,human,5
1,lyric,5
1,confirm,7
1,plumbing,8
1,compute,7
1,promotions,10
1,airline,7
1,reading,7
1,facility,8
1,luxury,6
1,marble,6
1,colonial,8
1,unlikely,8
1,rage,4
1,causing,7
1,submit,6
1,serbia,6
1,screensaver,11
1,weblogs,7
1,auburn,6
1,printers,8
1,essay,5
1,tricks,6
1,eliminate,9
1,play,4
1,spare,5
1,again,5
0,prot,4
1,slight,6
1,ultram,6
1,yugoslavia,10
1,sheet,5
0,port,4
1,promotions,10
1,compute,7
1,cheers,6
1,transaction,11
1,stunning,8
1,holdings,8
0,jpeg,4
1,gasoline,8
1,community,9
1,promote,7
1,accounts,8
1,blocking,8
1,consequences,12
1,switches,8
1,affiliate,9
1,dallas,6
1,build,5
1,maria,5
1,baghdad,7
1,since,5
1,lancaster,9
1,themselves,10
0,grow,4
1,head,4
1,monkey,6
1,furnished,9
1,derived,7
1,assistance,10
1,tanzania,8
0,josh,4
1,movers,6
1,profession,10
1,adopted,7
1,policies,8
1,charity,7
1,accounting,10
1,eagle,5
1,trails,6
1,notice,6
1,residential,11
1,relief,6
1,california,10
1,cooking,7
1,segment,7
1,murder,6
1,note,4
1,notification,12
1,coverage,8
1,deputy,6
1,veterinary,10
1,cole,4
1,that,4
1,certified,9
1,palestine,9
0,washing,7
1,greater,7
1,dreams,6
1,remedies,8
1,aged,4
0,voyuer,6
1,sized,5
1,distribution,12
1,deep,4
1,stephanie,9
1,commissions,11
1,isle,4
1,refrigerator,12
1,allocation,10
1,genius,6
1,landscape,9
1,positions,9
1,line,4
1,controlled,10
1,slovakia,8
1,belong,6
1,promised,8
0,vista,5
0,wave,4
1,clara,5
1,nudist,6
1,hentai,6
1,scholarships,12
1,building,8
1,safe,4
1,inclusive,9
1,clone,5
1,discounts,9
1,roommates,9
1,beautiful,9
0,hold,4
1,seal,4
1,discount,8
1,nicholas,8
1,plus,4
1,plumbing,8
1,skirt,5
1,along,5
1,snake,5
1,colors,6
1,dating,6
1,bermuda,7
1,productions,11
1,careers,7
1,slovakia,8
1,afford,6
1,angels,6
1,items,5
1,messaging,9
1,meanwhile,9
1,affiliates,10
1,replication,11
1,cambodia,8
1,evident,7
1,spotlight,9
1,composed,8
1,strictly,8
1,particle,8
1,angola,6
1,taxes,5
1,unsubscribe,11
1,inspections,11
1,achieved,8
1,activated,9
0,hart,4
1,demands,7
1,perspectives,12
1,measured,8
1,chips,5
1,pastor,6
1,inspired,8
1,infectious,10
1,psychology,10
1,lingerie,8
0,join,4
0,upper,5
1,mrna,4
0,peru,4
1,preservation,12
1,repair,6
1,concerts,8
1,people,6
1,connectors,10
1,francisco,9
0,suite,5
1,scripting,9
1,orgasm,6
1,feeding,7
1,showers,7
1,seed,4
1,textbook,8
1,concert,7
1,vendors,7
1,coins,5
1,gratis,6
1,being,5
1,unexpected,10
0,owns,4
1,pathology,9
1,april,5
1,refused,7
0,camp,4
1,hardcore,8
1,pixel,5
1,deep,4
1,sagem,5
1,arrest,6
1,focal,5
1,positions,9
1,christian,9
1,porno,5
1,venezuela,9
1,realized,8
1,affiliate,9
1,array,5
1,depth,5
1,describe,8
1,invision,8
1,fourth,6
0,faqs,4
1,failing,7
1,ethiopia,8
1,instantly,9
1,carnival,8
1,bacterial,9
1,bottles,7
1,likes,5
1,subscription,12
1,celtic,6
1,speed,5
1,detailed,8
1,harvard,7
1,moss,4
1,ball,4
1,series,6
1,dodge,5
1,exactly,7
1,welcome,7
1,processes,9
1,greece,6
0,highs,5
1,james,5
1,graduated,9
0,pulse,5
1,momentum,8
1,lowest,6
1,seminars,8
1,delayed,7
1,peripheral,10
1,costs,5
1,measure,7
1,approx,6
0,thank,5
1,finding,7
1,child,5
1,qatar,5
1,impose,6
1,invitations,11
1,dual,4
1,weekend,7
1,chains,6
1,allowed,7
1,officially,10
1,producing,9
1,dresses,7
1,shown,5
1,committees,10
1,speaking,8
1,realtor,7
1,forgot,6
1,wifi,4
1,gilbert,7
1,face,4
1,advanced,8
1,raise,5
1,time,4
1,discount,8
1,updates,7
1,filed,5
1,trauma,6
1,floors,6
1,villa,5
1,intense,7
1,accessory,9
1,formed,6
0,cruz,4
1,voice,5
1,assured,7
0,vary,4
1,lucas,5
0,kick,4
1,likely,6
1,pioneer,7
1,blogs,5
1,lite,4
1,cholesterol,11
1,stylish,7
1,factors,7
1,include,7
1,containing,10
1,player,6
1,threads,7
1,statute,7
1,keno,4
1,archived,8
1,alternatives,12
1,trust,5
1,march,5
1,shaft,5
1,main,4
1,regulation,10
1,newsletters,11
1,banner,6
1,cycles,6
1,practitioner,12
1,blood,5
1,feat,4
1,painful,7
1,temperatures,12
1,wrist,5
1,anal,4
1,analyze,7
1,charm,5
1,accessible,10
1,brake,5
1,zoophilia,9
0,smoking,7
1,controls,8
1,polished,8
1,foul,4
1,distribute,10
1,beads,5
1,consistently,12
1,pentium,7
1,rangers,7
1,modems,6
1,snow,4
1,panama,6
1,flows,5
1,evaluating,10
1,greatly,7
1,lips,4
1,language,8
1,geneva,6
1,marble,6
1,warrior,7
1,thai,4
0,john,4
1,nebraska,8
1,shoppingcom,11
1,configured,10
1,activities,10
1,joan,4
0,fake,4
1,compute,7
1,relief,6
1,judicial,8
1,sake,4
1,incentives,10
1,reynolds,8
1,wonder,6
1,iraqi,5
1,together,8
1,falls,5
1,elliott,7
1,spider,6
1,february,8
1,spice,5
0,zero,4
1,package,7
1,colonial,8
1,bacteria,8
1,running,7
1,streaming,9
1,kills,5
1,performances,12
1,opened,6
1,thats,5
1,elimination,11
1,facilitate,10
1,breathing,9
1,clan,4
1,hell,4
0,drum,4
1,institutions,12
1,sells,5
0,burns,5
1,wallpapers,10
1,innovation,10
1,messaging,9
0,vista,5
